{
    "1": {
        "red": 0.0,
        "green": 0.29411764705882354,
        "blue": 0.13725490196078433,
        "opacity": 1.0,
        "text_color": 1.0
    },
    "2": {
        "red": 0.0,
        "green": 0.39215686274509803,
        "blue": 0.0,
        "opacity": 1.0,
        "text_color": 1.0
    },
    "3": {
        "red": 0.0,
        "green": 0.4470588235294118,
        "blue": 0.0,
        "opacity": 1.0,
        "text_color": 1.0
    },
    "4": {
        "red": 0.0,
        "green": 0.5019607843137255,
        "blue": 0.0,
        "opacity": 1.0,
        "text_color": 1.0
    },
    "5": {
        "red": 0.2196078431372549,
        "green": 0.6901960784313725,
        "blue": 0.0,
        "opacity": 1.0,
        "text_color": 1.0
    },
    "6": {
        "red": 0.4392156862745098,
        "green": 0.8784313725490196,
        "blue": 0.0,
        "opacity": 1.0,
        "text_color": 0.0
    },
    "7": {
        "red": 0.6196078431372549,
        "green": 0.9411764705882353,
        "blue": 0.10196078431372549,
        "opacity": 1.0,
        "text_color": 0.0
    }
}
